,BMI after 3 months,C-Reactive Protein,Postprandial Dynamics of Leptin %,Glucose,Glomerular Filtration Rate,Systolic Blood Pressure,Weight loss after 3 months,success
0,29.0,3.63,-41.72825469016486,5.3,108.55,110.0,12.359550561797752,1
1,36.29,2.05,-20.54794520547945,5.26,149.87,130.0,7.258064516129033,1
2,37.8,5.78,1.314290721107509,5.69,97.06,115.0,3.9215686274509802,0
3,30.86,2.17,3.817572490164658,4.35,111.7,120.0,13.043478260869565,1
4,34.83,3.95,7.012229327947941,4.08,84.18,120.0,4.0,1
5,35.81,2.84,-16.733067729083665,3.98,92.09,130.0,-2.2058823529411766,0
6,31.6,6.03,26.18867924528301,5.69,121.89,130.0,9.63855421686747,0
7,34.85,2.87,-8.803970223325067,5.3,125.0,115.0,10.309278350515463,1
8,30.9,4.42,30.728385085997928,5.09,79.22,110.0,1.2195121951219512,0
9,26.81,0.53,-8.739076154806494,4.13,90.42,100.0,12.5,1
10,34.31,1.38,-28.93030794165316,5.1,98.0,110.0,4.0,1
11,32.7,1.82,-1.0585829423794002,5.18,95.0,115.0,4.0,1
12,34.56,5.95,-32.42463958060288,4.57,110.0,120.0,7.43801652892562,1
13,37.46,4.18,-18.333917309039936,4.74,115.42,120.0,7.216494845360824,1
14,45.36,2.38,-11.167564271923581,5.49,96.53,120.0,2.34375,0
15,33.0,1.06,-11.76865271068169,5.08,67.85,110.0,4.761904761904762,1
16,38.83,2.28,3.316977428851811,5.44,78.52,115.0,3.6036036036036037,0
17,32.83,5.54,-1.197701707534183,5.31,84.3,150.0,2.3529411764705883,0
18,28.93,0.55,1.2508850601840953,5.97,109.58,110.0,4.45859872611465,1
19,30.5,2.28,-4.3233082706766925,5.15,88.91,120.0,3.4090909090909087,0
20,32.03,14.3,-33.328898350186265,5.16,112.03,130.0,3.5294117647058822,1
21,38.3,2.5,55.45203086329889,5.46,73.32,110.0,1.0752688172043012,0
22,44.7,16.87,-17.216882574174683,4.85,89.66,130.0,5.833333333333333,0
23,38.05,3.51,-12.139746084700208,5.75,75.5,120.0,5.9405940594059405,0
24,29.4,0.9,-14.546640574037845,5.31,80.47,110.0,9.278350515463918,1
25,43.75,7.26,-41.9093851132686,5.66,84.66,130.0,1.7543859649122806,0
26,29.38,0.64,-15.592574964302708,5.33,84.49,120.0,10.112359550561797,1
27,38.3,10.2,-23.45128877238969,5.64,78.2,100.0,8.064516129032258,1
28,32.24,4.36,15.407854984894248,5.36,131.11,120.0,5.208333333333334,0
29,35.59,8.32,-8.231844835363116,6.22,94.45,110.0,1.098901098901099,0
30,32.04,1.29,-9.580838323353289,6.98,82.62,110.0,2.4390243902439024,1
31,38.97,6.15,18.32627118644069,5.45,104.35,110.0,2.6548672566371683,0
32,31.95,9.31,-25.976016590027957,5.23,155.49,110.0,9.375,1
33,34.41,2.14,-35.501083875270965,5.41,111.41,125.0,7.446808510638298,1
34,38.89,1.77,,5.24,,139.0,6.1946902654867255,1
35,37.03,7.98,,4.97,,137.0,1.639344262295082,0
36,31.12,1.29,,4.33,,123.0,7.142857142857142,1
37,35.83,5.8,,5.61,,145.0,2.4390243902439024,0
38,41.5,3.8,,4.98,,122.0,3.8095238095238098,0
39,29.48,1.03,,5.08,,129.0,2.857142857142857,0
40,38.54,6.05,,5.81,,118.0,10.377358490566039,1
41,28.01,0.93,,4.8,,129.0,6.976744186046512,0
42,32.27,0.61,,6.67,,140.0,4.0,0
43,45.9,16.67,,5.26,,135.0,1.6528925619834711,0
